6ac240f1-5be7-4305-b96e-aab1f97ace6f,Sara Klein,williamsonmichelle@reeves.info
5adb894e-e4dc-4c4b-8a4f-f105461f894f,Jenna Hall,fsmith@chavez.com
2942bf22-e988-4564-a096-6d68089c327b,Veronica Blanchard,gjohnson@hotmail.com
c84e090d-9033-46c2-b5a7-c84a61035186,Andrew Cohen,eclark@hotmail.com
3ce4a5eb-3343-48c0-aea7-5e75b3cc1ca1,Alexa Powell,xnichols@hotmail.com
84307c3e-0812-4f4f-873b-2b0d63b9ed31,John Harris,ashleyhopkins@watson.com
a04b018a-a4b5-4e81-beba-5623aed73c19,Dr. Colton Jones,rhonda81@perez.com
3c9656a2-83d9-4c1f-b975-734b2d7e8914,Jason Contreras,danaroth@gmail.com
099d3c07-ae41-472c-9121-57a9ac1face9,Madison Dickson,john00@johnson-gonzales.org
b0c10838-247b-4385-bb25-3367db9374b9,Sandra Morris,david44@yahoo.com
279df788-e569-4ffd-86ee-5e4430b117ee,John Summers,april18@hotmail.com
ee1916ec-679e-4917-97ad-84dc9521de94,Diane Bruce,jonathan48@gmail.com
442ea50d-9a44-4132-b568-214c2275dcc1,Brandon Watkins,victoria48@luna-fowler.com
8cccd801-6d2c-456a-8cad-01e1f55e49a5,Christian Sanchez,christopherlam@yahoo.com
6ce6dc9a-0592-493d-a1c9-2f7dfca09072,Antonio Burns,abigail10@olsen.info
330fda48-2a49-42c6-a74d-7699d2662a33,Nicholas Morris,janetbrown@yahoo.com
d59b76bc-f2f5-458b-9af9-f9be6f36f547,Diane Tucker,carrnathan@flores.net
1c59a7ed-4fb7-4a7e-8b8d-394f0afe8607,Joseph Johnson,julie80@gmail.com
8267c3e1-c8b6-45bd-9bf8-6a55e2b5f842,Colton Yu,nicolebrown@yahoo.com
08bb2979-17b6-4847-b11b-8d28b8f0dbfd,Andrew Rhodes,kimberlygonzalez@gmail.com
be5e8146-7c96-40ce-bdf9-624da4f2303c,Rebecca Miller,adamschad@gmail.com
8ac63fc8-0d8c-4dff-83ae-544a5f0de072,Morgan Johnson,kaylawright@hotmail.com
6252d6d1-0a67-42f3-9fb9-dc939991d1e8,Gabriel Le,chandlerroberto@proctor.com
b3009905-cabe-4d2c-b6ab-9f5977f55d43,Robert Graham,allenlisa@smith-hall.com
85e93423-f2b4-432e-b286-6afbb4119325,Sarah Wright,lauriethompson@hughes-jones.com
203b8277-17e6-4821-9e1d-fe6daa7a826d,Rebecca Moore,shannonburton@hotmail.com
8069d004-ef8d-45a9-bdc1-2d60c092548a,Angel Knight DDS,russellshelton@johnson.org
0e388048-8d91-4c89-8dc3-b72e07ade5dd,Barbara Kelly,sanchezamy@yahoo.com
5d0fbfd1-47e6-46ba-b001-20d175b74c55,Diana Leonard,larry52@hill.biz
5e6f979e-8471-487d-bd37-86dea2823e75,Anita Marshall,cheryl99@potts-marsh.net
7561ea17-0073-4f9e-83e9-860e7444c246,Joshua Colon,sean31@villa.com
2df3e4c8-3835-4aa1-a178-fa724d523519,Tara Phillips,sreynolds@hotmail.com
784275f2-59b7-468b-9daa-ad97073c0ddb,Leslie Schmidt,david45@curry-humphrey.com
2c2c7164-9ec4-4de6-83dd-26f73094daf9,Scott Kaiser,xsmith@james-chambers.biz
494370f2-d547-4115-80a4-7d5d9947a5fa,Christopher Bowman,adamwalker@hernandez.info
127f7b3a-7ca7-4361-bd9a-93962971513a,Jared Moore,deckerhaley@williams.biz
f4439c98-e789-47ab-acb0-d107c651a778,Daniel Burns,palmerderek@dickerson.info
1c3fca78-0971-4738-8732-8d9a7877b6d3,Tonya Thomas,justin81@gmail.com
f56074f6-4360-4579-8662-2eb685e1083b,Matthew Rivera,danieltucker@moore.com
eef24815-687d-4e49-b961-0ca9d0b24183,Mario Blackburn,jeffreyscott@snyder.com
f6594aa3-7848-47aa-b277-2f1c4f9e17c9,Alicia Garcia,jacobboyd@weber.com
d57ddf00-92f5-4115-afcd-9e82594e5529,Derrick Dennis,greg26@reynolds-roach.com
914a0a82-01f5-4c07-8596-8ffcd9e11399,William Jensen,ronald15@hunter.com
bd13c727-5a08-4327-90a0-e2d4be798331,Daniel Stanton,qbryant@hotmail.com
0007a93d-2462-43c9-a032-bda38ca5d2a4,Samantha Nichols,kevinwagner@hamilton-smith.com
3ae6b856-3ada-42b2-80f0-b94c5d90d8e6,Frank Clark,wardalex@giles.com
0ad356d5-8426-4408-a914-36a2cf33aca6,Karen Robles,pramirez@mcmillan.org
b1e8d2f4-0314-4a8f-bf38-a04825293324,David Brown,anthonysmith@yahoo.com
d3b85640-97ec-48ad-8344-7dc13cb1ca25,Dustin Miller,qmaldonado@peck-bell.com
52f30e3b-33e3-4ee9-a118-c4c9af16d682,John Cherry,georgejohnson@reese.com
bbc2cd48-3014-4522-9b23-50d6ec875d37,Jerry May,hubbardmatthew@hotmail.com
cce17289-154e-44de-b438-5c696f0b5e2e,Kelli Rodriguez,destinytucker@gmail.com
da4f18ce-7e90-48be-b33e-c70d444b8f2d,William Miller,pachecoelizabeth@miles-stanton.com
c59e04c2-80dd-4c7a-b602-48a089f771e6,Samantha Kane,jacobbarrett@murphy.com
6d21a6f9-cf57-449e-bd06-592ca5723040,Sandra Black,fhenry@sullivan.com
8e160481-14f0-49d9-86f8-f6e3f011e862,Amber Miller,vhernandez@cook-snow.org
5e096a67-8637-42cf-850f-475b5db2b7c0,Jacob Barnes,wmoore@yahoo.com
a3751448-8663-465c-82c0-ccafc1991041,Maria Jackson,ufreeman@lozano.net
75ea2896-0faf-4b95-9e41-71f14a7ee21b,Victoria Morgan,sarah96@harris.info
db7e1072-4d2e-42f7-a11f-d12490de3ccc,Dana Bennett,williamsonshelly@baxter.biz
1b2db55d-7631-480c-a40f-0250a2a180e2,Karen Bradley,tmiller@hotmail.com
133f6685-d6ca-47c0-898f-dd4ba9199415,Hannah Green,arthurcooke@greene-hooper.com
169ce84e-e880-405c-97e6-491508c666c7,Sydney Munoz,justin29@walker.com
e7e4bfb0-5b53-435e-b9f9-e52ecbd40b50,David Hayes,hbaker@gmail.com
74710668-096d-47d7-bff7-286ac294b55a,Joseph Barker,patricia06@wagner-foster.com
208862b0-5813-4601-8061-c98ab9464da0,Megan Murphy,rojaslauren@gmail.com
c3e241d3-9657-43c6-b9bb-610de0999241,Kellie Rodriguez,heatherwolfe@ray.com
ae4f8cac-20c2-484d-88c2-17c23a7159c1,Edwin Clay,pnelson@rodriguez.org
99748d31-fff5-4136-8124-7689cebb54e8,Amber Kim,stephanieayala@gonzalez-perez.net
89488c18-e1fa-41b8-98e6-cec228f72fc2,Dylan Brewer,brandon77@hotmail.com
3192ff25-d9b6-45aa-a7fc-cf8b6a5d9f1a,Catherine Burgess,colleen03@hotmail.com
6a64221e-cacf-443c-958e-59c37b618d4d,Denise Cooper,rachel06@hotmail.com
18321080-3599-4b8a-bf50-1bbd2d58938a,Amanda Jones,fisherdanielle@singleton-heath.biz
97475dec-4f30-4e5a-a1dc-3d766a41a5ed,Brian Mcintosh,kristasilva@hotmail.com
888c39d3-6129-4605-8a70-757315e10998,Jennifer Boyd,jasonkirk@orozco.com
ebd2c27a-ab7e-4d48-84b5-417eb7b27b42,Alexander Logan,rhall@chavez.net
27086da0-a404-4a27-ad11-35b92b244e61,Catherine Roman,staceycalderon@ellis-hampton.com
ad13ca7c-bdc4-4cf1-b8b9-14887ffbe4f2,Regina Nichols,evansbrittany@nguyen.com
02f7976f-a124-453e-8ed7-1723a5a0e3de,Carolyn Arnold,hernandezshelby@snyder.com
423afe3e-b46c-40e6-bdc7-79b664b31162,Leslie Ibarra,xbrown@yahoo.com
a3529a5e-ed47-4918-86db-b6bc5d54f8c9,Albert Allen,amy46@clark.net
06e9fddf-148d-4cc9-91ea-4eeec4a758da,Eric Fleming,melanie11@kim.biz
e860bcdd-2e0c-47fb-8396-b318585fbbbb,Lisa Burns,jensenstephanie@knight.net
da4eceb6-2408-43ee-a9ce-d22dd2b05b73,David Peterson,andreaevans@turner.com
b4161826-a621-430b-a984-3608f95fc3d3,Kathleen Rodriguez,shelleylarsen@figueroa.info
d0c4cb83-6408-40a5-9e7e-14bc7502c64b,Sarah Lee,whuber@hotmail.com
d6bdeaa5-35f4-44a6-b26e-7e401d1b5056,Antonio Brown,victoria39@hotmail.com
1b9b86b7-8c00-4ac2-9970-a9b130dd50b1,Emily Williams,eclements@hotmail.com
dc4069f9-93f1-4c86-8f89-685bc3d5c28a,Veronica Edwards,ghowell@johnson.org
fcf3e992-f009-47c6-8973-4ccb7c1bef9b,Brandy Sexton,umeyer@oconnor.com
ac5c23bf-5b89-42aa-a3ef-8b7d33598867,James Fisher,nicoleberger@villa-nguyen.org
aaa55fa1-6e39-4ee7-af0c-663d81264687,Denise Gutierrez,nmontes@hotmail.com
e833cc3f-e647-4156-878d-f415f36dc68a,Mary Smith,nmanning@hotmail.com
24b15468-7009-4025-8e73-0f949f288121,Brian Russell,ross19@yahoo.com
3e2d34c8-213f-484a-a98e-ebbea5245a09,Brandon Avila,peter40@gmail.com
e943a363-0504-442d-a5a0-60bc89ff350f,Thomas Berg,wsimon@hall-whitaker.biz
8291adb9-5752-4a22-9472-be81dd1122b7,Victoria Lyons,herringjoann@mckee.com
fcea6a39-663d-4e3f-ac79-a42c768d2425,Bethany Burton,bennettdiane@hotmail.com
40529925-57ab-423c-be64-d201a7f4f0e9,Erika Nguyen,danherrera@gmail.com
e3e8ba93-0f4a-4e8d-a37c-cdf1ff6c8769,Christina Mcdonald,iochoa@yahoo.com
